{"nm":"Main Scene","ddd":0,"h":480,"w":480,"meta":{"g":"@lottiefiles/creator 1.45.0"},"layers":[{"ty":4,"nm":"Handle","sr":1,"st":0,"op":120,"ip":0,"hd":false,"ddd":0,"bm":0,"hasMask":false,"ao":0,"ks":{"a":{"a":0,"k":[0,0,0],"ix":1},"s":{"a":0,"k":[100,100,100],"ix":6},"sk":{"a":0,"k":0},"p":{"a":0,"k":[264,240,0],"ix":2},"r":{"a":1,"k":[{"o":{"x":0.834,"y":0.007},"i":{"x":0.667,"y":1},"s":[0],"t":0},{"o":{"x":0.333,"y":0},"i":{"x":0.27,"y":1.004},"s":[-123.69],"t":52},{"s":[0],"t":105}],"ix":10},"sa":{"a":0,"k":0},"o":{"a":0,"k":100,"ix":11}},"shapes":[{"ty":"gr","bm":0,"hd":false,"mn":"ADBE Vector Group","nm":"Handle","ix":1,"cix":2,"np":4,"it":[{"ty":"sh","bm":0,"hd":false,"mn":"ADBE Vector Shape - Group","nm":"Path 1","ix":1,"d":1,"ks":{"a":0,"k":{"c":true,"i":[[0,0],[0.828,0],[0,-0.828],[0,0],[0.416,-0.356],[0,0],[0.414,-0.717],[-0.717,-0.414],[0,0],[0,-0.281],[-0.049,-0.267],[0,0],[-0.414,-0.717],[-0.717,0.414],[0,0],[-0.527,-0.186],[0,0],[-0.828,0],[0,0.828],[0,0],[-0.416,0.356],[0,0],[-0.414,0.717],[0.717,0.414],[0,0],[0,0.281],[0.049,0.267],[0,0],[0.414,0.717],[0.717,-0.414],[0,0],[0.527,0.186]],"o":[[0,-0.828],[-0.828,0],[0,0],[-0.527,0.186],[0,0],[-0.717,-0.414],[-0.414,0.717],[0,0],[-0.049,0.267],[0,0.281],[0,0],[-0.717,0.414],[0.414,0.717],[0,0],[0.416,0.356],[0,0],[0,0.828],[0.828,0],[0,0],[0.527,-0.186],[0,0],[0.717,0.414],[0.414,-0.717],[0,0],[0.049,-0.267],[0,-0.281],[0,0],[0.717,-0.414],[-0.414,-0.717],[0,0],[-0.416,-0.356],[0,0]],"v":[[1.5,-7.5],[0,-9],[-1.5,-7.5],[-1.5,-4.244],[-2.924,-3.42],[-5.745,-5.049],[-7.794,-4.5],[-7.245,-2.451],[-4.425,-0.823],[-4.5,0],[-4.425,0.823],[-7.245,2.451],[-7.794,4.5],[-5.745,5.049],[-2.924,3.42],[-1.5,4.244],[-1.5,7.5],[0,9],[1.5,7.5],[1.5,4.244],[2.924,3.42],[5.745,5.049],[7.794,4.5],[7.245,2.451],[4.425,0.823],[4.5,0],[4.425,-0.823],[7.245,-2.451],[7.794,-4.5],[5.745,-5.049],[2.924,-3.42],[1.5,-4.244]]},"ix":2}},{"ty":"sh","bm":0,"hd":false,"mn":"ADBE Vector Shape - Group","nm":"Path 2","ix":2,"d":1,"ks":{"a":0,"k":{"c":true,"i":[[0,-1.243],[1.243,0],[0,1.243],[-1.243,0]],"o":[[0,1.243],[-1.243,0],[0,-1.243],[1.243,0]],"v":[[2.25,0],[0,2.25],[-2.25,0],[0,-2.25]]},"ix":2}},{"ty":"mm","bm":0,"hd":false,"mn":"ADBE Vector Filter - Merge","nm":"Merge Paths 1","mm":1},{"ty":"fl","bm":0,"hd":false,"mn":"ADBE Vector Graphic - Fill","nm":"Fill 1","c":{"a":0,"k":[0.6078,0.6275,0.7529],"ix":4},"r":1,"o":{"a":0,"k":100,"ix":5}},{"ty":"tr","a":{"a":0,"k":[0,0],"ix":1},"s":{"a":0,"k":[400,400],"ix":3},"sk":{"a":0,"k":0,"ix":4},"p":{"a":0,"k":[0,0],"ix":2},"r":{"a":0,"k":0,"ix":6},"sa":{"a":0,"k":0,"ix":5},"o":{"a":0,"k":100,"ix":7}}]}],"ind":1},{"ty":4,"nm":"Hinge","sr":1,"st":0,"op":120,"ip":0,"hd":false,"ddd":0,"bm":0,"hasMask":false,"ao":0,"ks":{"a":{"a":0,"k":[0,0,0],"ix":1},"s":{"a":0,"k":[100,100,100],"ix":6},"sk":{"a":0,"k":0},"p":{"a":0,"k":[171,240,0],"ix":2},"r":{"a":0,"k":0,"ix":10},"sa":{"a":0,"k":0},"o":{"a":0,"k":100,"ix":11}},"shapes":[{"ty":"gr","bm":0,"hd":false,"mn":"ADBE Vector Group","nm":"Hinge","ix":1,"cix":2,"np":4,"it":[{"ty":"sh","bm":0,"hd":false,"mn":"ADBE Vector Shape - Group","nm":"Path 1","ix":1,"d":1,"ks":{"a":0,"k":{"c":false,"i":[[0,0],[0,0]],"o":[[0,0],[0,0]],"v":[[2.25,-12],[-2.25,-12]]},"ix":2}},{"ty":"sh","bm":0,"hd":false,"mn":"ADBE Vector Shape - Group","nm":"Path 2","ix":2,"d":1,"ks":{"a":0,"k":{"c":false,"i":[[0,0],[0,0]],"o":[[0,0],[0,0]],"v":[[2.25,12],[-2.25,12]]},"ix":2}},{"ty":"mm","bm":0,"hd":false,"mn":"ADBE Vector Filter - Merge","nm":"Merge Paths 1","mm":1},{"ty":"st","bm":0,"hd":false,"mn":"ADBE Vector Graphic - Stroke","nm":"Stroke 1","lc":2,"lj":2,"ml":1,"o":{"a":0,"k":100,"ix":4},"w":{"a":0,"k":3,"ix":5},"c":{"a":0,"k":[0.6078,0.6275,0.7529],"ix":3}},{"ty":"tr","a":{"a":0,"k":[0,0],"ix":1},"s":{"a":0,"k":[400,400],"ix":3},"sk":{"a":0,"k":0,"ix":4},"p":{"a":0,"k":[0,0],"ix":2},"r":{"a":0,"k":0,"ix":6},"sa":{"a":0,"k":0,"ix":5},"o":{"a":0,"k":100,"ix":7}}]}],"ind":2},{"ty":4,"nm":"Inner Rectangle","sr":1,"st":0,"op":120,"ip":0,"hd":false,"ddd":0,"bm":0,"hasMask":false,"ao":0,"ks":{"a":{"a":0,"k":[0,0,0],"ix":1},"s":{"a":0,"k":[100,100,100],"ix":6},"sk":{"a":0,"k":0},"p":{"a":0,"k":[240,240,0],"ix":2},"r":{"a":0,"k":0,"ix":10},"sa":{"a":0,"k":0},"o":{"a":0,"k":100,"ix":11}},"shapes":[{"ty":"gr","bm":0,"hd":false,"mn":"ADBE Vector Group","nm":"Inner Rectangle","ix":1,"cix":2,"np":2,"it":[{"ty":"sh","bm":0,"hd":false,"mn":"ADBE Vector Shape - Group","nm":"Path 1","ix":1,"d":1,"ks":{"a":0,"k":{"c":true,"i":[[0.439,-0.439],[0,-1.414],[0,0],[-0.439,-0.439],[-1.414,0],[0,0],[-0.439,0.439],[0,1.414],[0,0],[0.439,0.439],[1.414,0],[0,0]],"o":[[-0.439,0.439],[0,0],[0,1.414],[0.439,0.439],[0,0],[1.414,0],[0.439,-0.439],[0,0],[0,-1.414],[-0.439,-0.439],[0,0],[-1.414,0]],"v":[[-19.811,-19.811],[-20.25,-17.25],[-20.25,17.25],[-19.811,19.811],[-17.25,20.25],[17.25,20.25],[19.811,19.811],[20.25,17.25],[20.25,-17.25],[19.811,-19.811],[17.25,-20.25],[-17.25,-20.25]]},"ix":2}},{"ty":"st","bm":0,"hd":false,"mn":"ADBE Vector Graphic - Stroke","nm":"Stroke 1","lc":1,"lj":2,"ml":1,"o":{"a":0,"k":100,"ix":4},"w":{"a":0,"k":3,"ix":5},"c":{"a":0,"k":[0.1686,0.1922,0.3176],"ix":3}},{"ty":"tr","a":{"a":0,"k":[0,0],"ix":1},"s":{"a":0,"k":[400,400],"ix":3},"sk":{"a":0,"k":0,"ix":4},"p":{"a":0,"k":[0,0],"ix":2},"r":{"a":0,"k":0,"ix":6},"sa":{"a":0,"k":0,"ix":5},"o":{"a":0,"k":100,"ix":7}}]}],"ind":3},{"ty":4,"nm":"Outer Rectangle","sr":1,"st":0,"op":120,"ip":0,"hd":false,"ddd":0,"bm":0,"hasMask":false,"ao":0,"ks":{"a":{"a":0,"k":[0,0,0],"ix":1},"s":{"a":0,"k":[100,100,100],"ix":6},"sk":{"a":0,"k":0},"p":{"a":0,"k":[240,240,0],"ix":2},"r":{"a":0,"k":0,"ix":10},"sa":{"a":0,"k":0},"o":{"a":0,"k":100,"ix":11}},"shapes":[{"ty":"gr","bm":0,"hd":false,"mn":"ADBE Vector Group","nm":"Outer Rectangle","ix":1,"cix":2,"np":2,"it":[{"ty":"sh","bm":0,"hd":false,"mn":"ADBE Vector Shape - Group","nm":"Path 1","ix":1,"d":1,"ks":{"a":0,"k":{"c":true,"i":[[0.609,-1.47],[0,-2.796],[0,0],[-0.457,-1.103],[-1.47,-0.609],[-2.796,0],[0,0],[-1.103,0.457],[-0.609,1.47],[0,2.796],[0,0],[0.457,1.103],[1.47,0.609],[2.796,0],[0,0],[1.103,-0.457]],"o":[[-0.457,1.103],[0,0],[0,2.796],[0.609,1.47],[1.103,0.457],[0,0],[2.796,0],[1.47,-0.609],[0.457,-1.103],[0,0],[0,-2.796],[-0.609,-1.47],[-1.103,-0.457],[0,0],[-2.796,0],[-1.47,0.609]],"v":[[-25.043,-21.796],[-25.5,-16.5],[-25.5,16.5],[-25.043,21.796],[-21.796,25.043],[-16.5,25.5],[16.5,25.5],[21.796,25.043],[25.043,21.796],[25.5,16.5],[25.5,-16.5],[25.043,-21.796],[21.796,-25.043],[16.5,-25.5],[-16.5,-25.5],[-21.796,-25.043]]},"ix":2}},{"ty":"st","bm":0,"hd":false,"mn":"ADBE Vector Graphic - Stroke","nm":"Stroke 1","lc":1,"lj":2,"ml":1,"o":{"a":0,"k":100,"ix":4},"w":{"a":0,"k":3,"ix":5},"c":{"a":0,"k":[0.1686,0.1922,0.3176],"ix":3}},{"ty":"tr","a":{"a":0,"k":[0,0],"ix":1},"s":{"a":0,"k":[400,400],"ix":3},"sk":{"a":0,"k":0,"ix":4},"p":{"a":0,"k":[0,0],"ix":2},"r":{"a":0,"k":0,"ix":6},"sa":{"a":0,"k":0,"ix":5},"o":{"a":0,"k":100,"ix":7}}]}],"ind":4}],"v":"5.7.0","fr":60,"op":120,"ip":0,"assets":[]}